asset_id,name,width,height,bytes,filename,url
333635398307,"1_2026-02-21_16-13-31.png",1200,1200,2493517,333635398307_1200x1200.jpg,https://tpc.googlesyndication.com/simgad/8323316721688178689
333635401691,"5_2026-02-21_16-13-30.png",1200,1200,2229594,333635401691_1200x1200.jpg,https://tpc.googlesyndication.com/simgad/12999266647169839562
333635401712,"4_2026-02-21_16-13-31.png",1200,1200,2784578,333635401712_1200x1200.jpg,https://tpc.googlesyndication.com/simgad/9565205868741055728
333635414135,"1_2026-02-21_16-13-38.png",960,1200,1559172,333635414135_960x1200.jpg,https://tpc.googlesyndication.com/simgad/11900164727543020398
333635414168,"2_2026-02-21_16-13-39.png",960,1200,1877243,333635414168_960x1200.jpg,https://tpc.googlesyndication.com/simgad/5491137487577380889
333636441596,"10_2026-02-21_16-18-01.png",1200,628,1236500,333636441596_1200x628.jpg,https://tpc.googlesyndication.com/simgad/7800279659934078419
333636441869,"6_2026-02-21_16-18-05.png",1200,628,1560638,333636441869_1200x628.jpg,https://tpc.googlesyndication.com/simgad/5141308481225866392
333636512435,"9_2026-02-21_16-18-01.png",1200,628,1236768,333636512435_1200x628.jpg,https://tpc.googlesyndication.com/simgad/3957637827773869719
333636512447,"7_2026-02-21_16-18-02.png",1200,628,1532148,333636512447_1200x628.jpg,https://tpc.googlesyndication.com/simgad/8120101718581566084
333637110044,"11_2026-02-21_16-21-45.png",1200,1200,1812075,333637110044_1200x1200.jpg,https://tpc.googlesyndication.com/simgad/8568321003563828573
333637110383,"19_2026-02-21_16-21-55.png",960,1200,1873314,333637110383_960x1200.jpg,https://tpc.googlesyndication.com/simgad/5261591320299202139
333637203305,"13_2026-02-21_16-21-31.png",1200,628,1207146,333637203305_1200x628.jpg,https://tpc.googlesyndication.com/simgad/13302638688425325235
333637374386,"17_2026-02-21_16-21-55.png",960,1200,1843542,333637374386_960x1200.jpg,https://tpc.googlesyndication.com/simgad/9132664079595124749
333720021325,"2_2026-02-21_16-13-19.png",1200,628,1151023,333720021325_1200x628.jpg,https://tpc.googlesyndication.com/simgad/16401511905305877210
333720021331,"3_2026-02-21_16-13-19.png",1200,628,1414226,333720021331_1200x628.jpg,https://tpc.googlesyndication.com/simgad/15703455421861888040
333720021625,"2_2026-02-21_16-13-30.png",1200,1200,2349786,333720021625_1200x1200.jpg,https://tpc.googlesyndication.com/simgad/13626277094189051167
333720074101,"1_2026-02-21_16-13-19.png",1200,628,1325776,333720074101_1200x628.jpg,https://tpc.googlesyndication.com/simgad/1749070083334120989
333720074113,"4_2026-02-21_16-13-19.png",1200,628,1713874,333720074113_1200x628.jpg,https://tpc.googlesyndication.com/simgad/12122909321201835169
333720074125,"5_2026-02-21_16-13-19.png",1200,628,1687860,333720074125_1200x628.jpg,https://tpc.googlesyndication.com/simgad/9663668803052526405
333721168585,"8_2026-02-21_16-18-01.png",1200,628,1072930,333721168585_1200x628.jpg,https://tpc.googlesyndication.com/simgad/3118823777688086802
333721200346,"6_2026-02-21_16-18-10.png",1200,1200,2176469,333721200346_1200x1200.jpg,https://tpc.googlesyndication.com/simgad/14948359863346588573
333721200577,"9_2026-02-21_16-18-18.png",960,1200,2159712,333721200577_960x1200.jpg,https://tpc.googlesyndication.com/simgad/14163969062178086568
333721206643,"6_2026-02-21_16-18-18.png",960,1200,2049775,333721206643_960x1200.jpg,https://tpc.googlesyndication.com/simgad/4894910525343460844
333722277064,"15_2026-02-21_16-21-31.png",1200,628,1084227,333722277064_1200x628.jpg,https://tpc.googlesyndication.com/simgad/12977806640604123036
333722277067,"11_2026-02-21_16-21-31.png",1200,628,1238454,333722277067_1200x628.jpg,https://tpc.googlesyndication.com/simgad/10346981265873839713
333722284285,"12_2026-02-21_16-21-45.png",1200,1200,1669408,333722284285_1200x1200.jpg,https://tpc.googlesyndication.com/simgad/3120955298662399468
333722284312,"13_2026-02-21_16-21-45.png",1200,1200,1778011,333722284312_1200x1200.jpg,https://tpc.googlesyndication.com/simgad/4343416160504041289
333722295760,"22_2026-02-21_16-21-54.png",960,1200,1395425,333722295760_960x1200.jpg,https://tpc.googlesyndication.com/simgad/9352951504872704064
333765149124,"10_2026-02-21_16-18-10.png",1200,1200,1732855,333765149124_1200x1200.jpg,https://tpc.googlesyndication.com/simgad/388356119402000892
333765729489,"12_2026-02-21_16-21-31.png",1200,628,1132808,333765729489_1200x628.jpg,https://tpc.googlesyndication.com/simgad/17420443036652291389
333765729495,"14_2026-02-21_16-21-31.png",1200,628,1156907,333765729495_1200x628.jpg,https://tpc.googlesyndication.com/simgad/14246851814638091731
333765890439,"14_2026-02-21_16-21-44.png",1200,1200,2096192,333765890439_1200x1200.jpg,https://tpc.googlesyndication.com/simgad/9594472975861816976
333765891120,"15_2026-02-21_16-21-45.png",1200,1200,1755641,333765891120_1200x1200.jpg,https://tpc.googlesyndication.com/simgad/12758342364929464175
333765892887,"20_2026-02-21_16-21-54.png",960,1200,1528316,333765892887_960x1200.jpg,https://tpc.googlesyndication.com/simgad/9421259316724437476